{"input_id":"0346ae67-6600-43ce-a67e-ecde4580e856","cid":"13782297896671639111","title":"Bar Sathorn","address":"The House on Sathorn 106 North Sathorn Road, Silom, Bang Rak, Bangkok 10500","web_site":"https://www.thebaratthehouseonsathorn.com/","phone":"02 344 4025","owner":{"id":"105217987862286342280","name":"Bar Sathorn (Owner)","link":"https://www.google.com/maps/contrib/105217987862286342280"},"emails":null}
{"input_id":"0346ae67-6600-43ce-a67e-ecde4580e856","cid":"7559321389647353387","title":"Korean Spoon","address":"ห้องเลขที่ 201, Korean Spoon, อาคารโครงการเดอะคริสตัลเอกมัย-รามอินทราอาคารอีชั้นที่ 2, 202 Pradit Manutham Rd, Lat Phrao, Bangkok 10230","web_site":"","phone":"090 906 0609","owner":{"id":"","name":"Korean Spoon (Owner)","link":""},"emails":null}
{"input_id":"0346ae67-6600-43ce-a67e-ecde4580e856","cid":"12525642302253129769","title":"Arirang","address":"212, Arirang, 4-5 Sukhumvit Rd, Khlong Toei, Bangkok 10110","web_site":"http://www.arirang.co.th/","phone":"02 653 0177","owner":{"id":"106977698009246380921","name":"Arirang (Owner)","link":"https://www.google.com/maps/contrib/106977698009246380921"},"emails":null}
{"input_id":"0346ae67-6600-43ce-a67e-ecde4580e856","cid":"5515363971459205701","title":"Gyeongbokgung","address":"เขตวั ฒนา, ตึกสุขุมวิท สวีท Soi Sukhumvit 13, Khlong Toei Nuea, Watthana, Bangkok 10110","web_site":"","phone":"02 651 3266","owner":{"id":"100736352287715450134","name":"Gyeongbokgung (Owner)","link":"https://www.google.com/maps/contrib/100736352287715450134"},"emails":null}
{"input_id":"0346ae67-6600-43ce-a67e-ecde4580e856","cid":"16739433624079500031","title":"Durushiki Korean Restaurant","address":"Durushiki Korean Restaurant 4304 Rama IV Rd, Phra Khanong, Khlong Toei, Bangkok 10110","web_site":"","phone":"089 004 1297","owner":{"id":"105133598943025389082","name":"Durushiki Korean Restaurant (Owner)","link":"https://www.google.com/maps/contrib/105133598943025389082"},"emails":null}
{"input_id":"0346ae67-6600-43ce-a67e-ecde4580e856","cid":"10518431319129874387","title":"The Bibimbab","address":"เดอะ บิบิมบับ เลขที่ 1/9 ชั้น 1 Sukhumvit 24 Alley, Khlong Tan, Khlong Toei, Bangkok 10110","web_site":"http://www.thebibimbab.com/","phone":"092 276 8282","owner":{"id":"109245691313444669738","name":"The Bibimbab (Owner)","link":"https://www.google.com/maps/contrib/109245691313444669738"},"emails":null}
{"input_id":"0346ae67-6600-43ce-a67e-ecde4580e856","cid":"5904344964707131992","title":"Jinseng Korean Restaurant","address":"Jinseng Korean Restaurant 13 สุขุมวิทซอย15 โรงแรมแมนฮัตตั้น ชั้น1 Khlong Toei Nuea, Watthana, Bangkok 10110","web_site":"","phone":"02 251 9781","owner":{"id":"110347618292860066281","name":"Jinseng Korean Restaurant (Owner)","link":"https://www.google.com/maps/contrib/110347618292860066281"},"emails":null}
{"input_id":"0346ae67-6600-43ce-a67e-ecde4580e856","cid":"11046561067251827426","title":"Kim Jeong Grill","address":"21 Sukhumvit 61, Khwaeng Khlong Tan Nuea, Watthana, Bangkok 10110","web_site":"https://www.facebook.com/KimJGrill/","phone":"061 971 5265","owner":{"id":"101769535223507943527","name":"Kim Jeong Grill (Owner)","link":"https://www.google.com/maps/contrib/101769535223507943527"},"emails":null}
{"input_id":"0346ae67-6600-43ce-a67e-ecde4580e856","cid":"9442336140459846117","title":"Koreana","address":"1027, Central Chidlom, 7th Floor, Phloen Chit Road, Lumphini, Khet Pathum Wan, Bangkok, 10330, 10330","web_site":"","phone":"02 793 7070","owner":{"id":"","name":"Koreana (Owner)","link":""},"emails":null}
{"input_id":"0346ae67-6600-43ce-a67e-ecde4580e856","cid":"1532516536664336596","title":"Hasul hip Korean cafe and restaurant","address":"อาคาร จามจุรี ชั้น G, Phaya Thai Rd, Pathum Wan, Bangkok 10330","web_site":"https://www.facebook.com/hasulbkk/","phone":"02 116 6004","owner":{"id":"106300979643104991808","name":"Hasul hip Korean cafe and restaurant (Owner)","link":"https://www.google.com/maps/contrib/106300979643104991808"},"emails":null}
{"input_id":"0346ae67-6600-43ce-a67e-ecde4580e856","cid":"7446142407325792920","title":"Myeongdong Korean Restaurant","address":"2 Myeongdong Korean Restaurant 21 Sukhumvit Rd, Khlong Toei Nuea, Watthana, Bangkok 10110","web_site":"","phone":"02 653 0116","owner":{"id":"","name":"Myeongdong Korean Restaurant (Owner)","link":""},"emails":null}
{"input_id":"0346ae67-6600-43ce-a67e-ecde4580e856","cid":"1971321147233092235","title":"Dal Dal Korean Restaurant","address":"เลขที่9​ อาคารจี​ ทาวเวอร์​ ชั้นจี​ ถนนพระราม9​ Huai Khwang, Bangkok 10310","web_site":"https://instagram.com/daldal_restaurant?igshid=OGQ5ZDc2ODk2ZA==","phone":"02 169 8213","owner":{"id":"103284759257473572521","name":"Dal Dal Korean Restaurant (Owner)","link":"https://www.google.com/maps/contrib/103284759257473572521"},"emails":null}
{"input_id":"0346ae67-6600-43ce-a67e-ecde4580e856","cid":"10941361177437922479","title":"Buk Kyong Korean Restaurant","address":"19 Buk Kyong Korean Restaurant, 34 Sukhumvit Rd, Khlong Toei Nuea, Watthana, Bangkok 10110","web_site":"","phone":"02 253 5052","owner":{"id":"","name":"Buk Kyong Korean Restaurant (Owner)","link":""},"emails":null}
{"input_id":"0346ae67-6600-43ce-a67e-ecde4580e856","cid":"2966253750293713069","title":"Kwang Han Roo","address":"3 Sukhumvit Rd, Khlong Toei, Bangkok 10110","web_site":"https://www.wongnai.com/restaurants/2883cH-kwang-han-roo","phone":"02 251 8096","owner":{"id":"","name":"Kwang Han Roo (Owner)","link":""},"emails":null}
{"input_id":"0346ae67-6600-43ce-a67e-ecde4580e856","cid":"9219283729981710265","title":"BOB’S KOREAN B.B.Q.","address":"74, BOB’S KOREAN B.B.Q. 6 Ekkamai 6 Alley, Klongtoey, nuer, Bangkok 10110","web_site":"https://www.facebook.com/bobskoreanbbq/","phone":"063 201 4005","owner":{"id":"111771548219618852536","name":"BOB’S KOREAN B.B.Q. (Owner)","link":"https://www.google.com/maps/contrib/111771548219618852536"},"emails":null}
{"input_id":"0346ae67-6600-43ce-a67e-ecde4580e856","cid":"7396716866136499731","title":"KABORAE","address":"PHQ5+85G KABORAE Suk Chai Alley, Khlong Toei, Bangkok 10110","web_site":"","phone":"02 252 5375","owner":{"id":"","name":"KABORAE (Owner)","link":""},"emails":null}
{"input_id":"0346ae67-6600-43ce-a67e-ecde4580e856","cid":"13464030120860069093","title":"Youchun","address":"Sukhumvit 5 Alley, Khlong Toei Nuea, Watthana, Bangkok 10110","web_site":"http://vacio2011.pixnet.net/blog/post/83385023-%E5%90%83%E5%88%B0%E9%A3%BD%E9%9F%93%E5%9C%8B%E7%83%A4%E8%82%89---youchun","phone":"062 290 8409","owner":{"id":"100571043845379132371","name":"Youchun (Owner)","link":"https://www.google.com/maps/contrib/100571043845379132371"},"emails":null}
{"input_id":"0346ae67-6600-43ce-a67e-ecde4580e856","cid":"17503287953840617907","title":"Shinla","address":"3079 Shinla, 25 Sukhumvit 101/1 Rd, Bang Chak, Khet Phra Khanong, Bangkok 10260","web_site":"https://www.facebook.com/pages/Shinla-Korean-Restaurant/197210930300208","phone":"095 841 0016","owner":{"id":"","name":"Shinla (Owner)","link":""},"emails":null}
{"input_id":"0346ae67-6600-43ce-a67e-ecde4580e856","cid":"14985871799299112304","title":"Sookdal Premium Korean BBQ","address":"92/1-3 Sookdal Premium Korean BBQ, 94 Rama I Rd, Wang Mai, Pathum Wan, Bangkok 10330","web_site":"http://www.sukdal.com/","phone":"096 909 4916","owner":{"id":"108381485604829995347","name":"Sookdal Premium Korean BBQ (Owner)","link":"https://www.google.com/maps/contrib/108381485604829995347"},"emails":null}
{"input_id":"0346ae67-6600-43ce-a67e-ecde4580e856","cid":"3158919866863557658","title":"Seoul BBQ อโศก","address":"54, Seoul BBQ อโศก, ตึกบีบี ชั้น2, Thanon Asok - Din Daeng, Khlong Toei Nuea, Watthana, Bangkok 10110","web_site":"","phone":"02 115 7211","owner":{"id":"104709934142206802176","name":"Seoul BBQ อโศก (Owner)","link":"https://www.google.com/maps/contrib/104709934142206802176"},"emails":null}
{"input_id":"0346ae67-6600-43ce-a67e-ecde4580e856","cid":"11206478143302916104","title":"YoGiYo Korean Food","address":"150 Soi Naradhiwas Rajanagarindra 3, Silom, Bang Rak, Bangkok 10500","web_site":"","phone":"086 246 4886","owner":{"id":"113944635086474858463","name":"YoGiYo Korean Food (Owner)","link":"https://www.google.com/maps/contrib/113944635086474858463"},"emails":null}
{"input_id":"0346ae67-6600-43ce-a67e-ecde4580e856","cid":"10009132249728364767","title":"DARAK Korean Restaurant","address":"12 Sukhumvit Rd, Khlong Tan, Khlong Toei, Bangkok 10110","web_site":"","phone":"02 251 8844","owner":{"id":"109070692279926935169","name":"DARAK Korean Restaurant (Owner)","link":"https://www.google.com/maps/contrib/109070692279926935169"},"emails":null}
{"input_id":"0346ae67-6600-43ce-a67e-ecde4580e856","cid":"9185661767945245440","title":"Salang","address":"69 Salang, Pathumwan Resort, 29 ซอยคอนโด Thanon Phaya Thai, Ratchathewi, Bangkok 10400","web_site":"http://www.facebook.com/salangbuffet/","phone":"081 442 8257","owner":{"id":"116844823553077526295","name":"Salang (Owner)","link":"https://www.google.com/maps/contrib/116844823553077526295"},"emails":null}
{"input_id":"0346ae67-6600-43ce-a67e-ecde4580e856","cid":"1770700676538309005","title":"Ko Kung Korean Restaurant","address":"74 ,Soi 26,Sukhumvit Rd. Sukhumvit Rd, klongton klongtoey Bangkok 10110","web_site":"https://www.kokung.com/","phone":"02 261 0560","owner":{"id":"117345094788915504047","name":"Ko Kung Korean Restaurant (Owner)","link":"https://www.google.com/maps/contrib/117345094788915504047"},"emails":null}
{"input_id":"0346ae67-6600-43ce-a67e-ecde4580e856","cid":"8569142949672381546","title":"Myeong Ga","address":"21216 สุขุมวิทพลาซ่า ซอย Suk Chai Alley, Khlong Toei, Bangkok 10110","web_site":"","phone":"02 229 4658","owner":{"id":"","name":"Myeong Ga (Owner)","link":""},"emails":null}
{"input_id":"0346ae67-6600-43ce-a67e-ecde4580e856","cid":"17598661400659235590","title":"Jang Won","address":"212 Jang Won, 9-10 Suk Chai Alley, Khlong Toei, Bangkok 10110","web_site":"https://www.facebook.com/JangWonKoreanBBQBangkok/","phone":"02 251 2636","owner":{"id":"108379661745989566004","name":"Jang Won (Owner)","link":"https://www.google.com/maps/contrib/108379661745989566004"},"emails":null}
{"input_id":"0346ae67-6600-43ce-a67e-ecde4580e856","cid":"6399133073922898427","title":"Doo Rae","address":"212 Doo Rae, 15 Sukhumvit Rd, Khlong Toei, Bangkok 10110","web_site":"","phone":"02 653 3815","owner":{"id":"","name":"Doo Rae (Owner)","link":""},"emails":null}
{"input_id":"0346ae67-6600-43ce-a67e-ecde4580e856","cid":"10266174632777906599","title":"Cheongdam","address":"โคเรียทาว korea town 212/33 สุขุมวิทพลาซ่า Suk Chai Alley, Khlong Toei, Bangkok 10110","web_site":"https://www.wongnai.com/restaurants/414589Kx-cheongdam-korean-restaurant-korea-town","phone":"065 592 3565","owner":{"id":"106957076782408151862","name":"Cheongdam (Owner)","link":"https://www.google.com/maps/contrib/106957076782408151862"},"emails":null}
{"input_id":"0346ae67-6600-43ce-a67e-ecde4580e856","cid":"8364442161041888248","title":"Kongju Restaurant","address":"444 Phaya Thai Rd, Wang Mai, Pathum Wan, Bangkok 10330","web_site":"https://www.pprincess.com/bangkok-dining/kongju-korean-restaurant","phone":"02 216 3700","owner":{"id":"103798359734475968135","name":"Kongju Restaurant (Owner)","link":"https://www.google.com/maps/contrib/103798359734475968135"},"emails":null}
{"input_id":"0346ae67-6600-43ce-a67e-ecde4580e856","cid":"17358977523154737642","title":"Kiani(키아니)","address":"90 Fifty fifth Thonglor Building Thong Lo, Khlong Tan Nuea, Watthana, Bangkok 10110","web_site":"http://www.facebook.com/kianikorea","phone":"084 220 8282","owner":{"id":"117392240483468092787","name":"Kiani(키아니) (Owner)","link":"https://www.google.com/maps/contrib/117392240483468092787"},"emails":null}
{"input_id":"0346ae67-6600-43ce-a67e-ecde4580e856","cid":"14468694561966288967","title":"Han Kook Kwan","address":"PHQ5+MW4 Han Kook Kwan Sukhumvit Soi 17, Khlong Toei Nuea, Watthana, Bangkok 10110","web_site":"https://www.wongnai.com/restaurants/4065DF-han-kook-kwan","phone":"02 253 5090","owner":{"id":"","name":"Han Kook Kwan (Owner)","link":""},"emails":null}
{"input_id":"0346ae67-6600-43ce-a67e-ecde4580e856","cid":"7245016542406768882","title":"Hangang Korean Restaurant","address":"PHQ5+44P Hangang Korean Restaurant Sukhumvit Rd, Khlong Toei, Bangkok 10110","web_site":"","phone":"02 254 0115","owner":{"id":"","name":"Hangang Korean Restaurant (Owner)","link":""},"emails":null}
{"input_id":"0346ae67-6600-43ce-a67e-ecde4580e856","cid":"12220596914616502700","title":"Banjoo Korean BBQ","address":"66/4,201 Mille Malle 2nd Fl, Sukhumvit 20 Alley, Klong Toei, Khlong Toei, Bangkok 10110","web_site":"https://www.facebook.com/BanjooBBQ/","phone":"065 518 5166","owner":{"id":"106951900308071238631","name":"Banjoo Korean BBQ (Owner)","link":"https://www.google.com/maps/contrib/106951900308071238631"},"emails":null}
{"input_id":"0346ae67-6600-43ce-a67e-ecde4580e856","cid":"15397737173936943889","title":"Sorabol","address":"PHCC+89M Sorabol, Sukhumvit Rd, Khlong Tan, Khlong Toei, Bangkok 10110","web_site":"https://www.facebook.com/sorabolkoreanrestaurant","phone":"02 204 1203","owner":{"id":"","name":"Sorabol (Owner)","link":""},"emails":null}
{"input_id":"0346ae67-6600-43ce-a67e-ecde4580e856","cid":"16479280553892981783","title":"Bornga Thailand","address":"บูเลอวาร์ด ทาวเวอร์ ชั้น 39 2 Soi Sukhumvit 39, Khlong Tan Nuea, Watthana, Bangkok 10110","web_site":"https://www.instagram.com/bornga_thailand","phone":"02 160 0095","owner":{"id":"114796271592868995286","name":"Bornga Thailand (Owner)","link":"https://www.google.com/maps/contrib/114796271592868995286"},"emails":null}
{"input_id":"0346ae67-6600-43ce-a67e-ecde4580e856","cid":"9491331694399586972","title":"Maru Korean Restaurant","address":"MARU TH Bangkok กรุงเทพมหานคร Chongnonsi ช่องนนทรี 1023/021 MS SIAM Tower 2nd fl Rama 3 Rd","web_site":"https://www.facebook.com/pages/MaRu-Korean-Restuarant/559640707562200","phone":"093 639 5882","owner":{"id":"111784685078075241564","name":"Maru Korean Restaurant (Owner)","link":"https://www.google.com/maps/contrib/111784685078075241564"},"emails":null}
{"input_id":"0346ae67-6600-43ce-a67e-ecde4580e856","cid":"11500386229299828694","title":"Bangkok Banjom","address":"Horizon Eakkamai 38 Soi Sukhumvit 63, Phra Khanong Nuea, Watthana, Bangkok 10110","web_site":"","phone":"063 979 8282","owner":{"id":"105430535239419694461","name":"Bangkok Banjom (Owner)","link":"https://www.google.com/maps/contrib/105430535239419694461"},"emails":null}
{"input_id":"0346ae67-6600-43ce-a67e-ecde4580e856","cid":"2909107442127038231","title":"MunJom.A 십점 만점에 십점 no.1 Cultural Korean bbq \u0026 Chill | มันจอมเอ ปิ้งย่างเกาหลี","address":"89/70 Room A6 CocoWalk Ratchathewi, Phaya Thai Rd, Thanon Phetchaburi, Rajthawei, Bangkok 10400","web_site":"https://www.facebook.com/MunJom.AThailand","phone":"092 320 4999","owner":{"id":"106059572950211782277","name":"MunJom.A 십점 만점에 십점 no.1 Cultural Korean bbq \u0026 Chill | มันจอมเอ ปิ้งย่างเกาหลี (Owner)","link":"https://www.google.com/maps/contrib/106059572950211782277"},"emails":null}
{"input_id":"0346ae67-6600-43ce-a67e-ecde4580e856","cid":"8176293207972866037","title":"Joha","address":"111/1 7 Phahonyothin Rd, Phaya Thai, Bangkok 10400","web_site":"https://www.facebook.com/Johakoreanfood","phone":"083 177 5533","owner":{"id":"109153284393940162087","name":"Joha (Owner)","link":"https://www.google.com/maps/contrib/109153284393940162087"},"emails":null}
{"input_id":"0346ae67-6600-43ce-a67e-ecde4580e856","cid":"15458978980527508535","title":"SURA Korean BBQ_by Korean Chef","address":"32/1 Soi Sukhumvit 39, Khlong Tan Nuea, Watthana, Bangkok 10110","web_site":"https://www.facebook.com/Surabbqinbangkok/","phone":"02 077 9263","owner":{"id":"116203173744221893804","name":"SURA Korean BBQ_by Korean Chef (Owner)","link":"https://www.google.com/maps/contrib/116203173744221893804"},"emails":null}
{"input_id":"0346ae67-6600-43ce-a67e-ecde4580e856","cid":"10266174632777906599","title":"Cheongdam","address":"โคเรียทาว korea town 212/33 สุขุมวิทพลาซ่า Suk Chai Alley, Khlong Toei, Bangkok 10110","web_site":"https://www.wongnai.com/restaurants/414589Kx-cheongdam-korean-restaurant-korea-town","phone":"065 592 3565","owner":{"id":"106957076782408151862","name":"Cheongdam (Owner)","link":"https://www.google.com/maps/contrib/106957076782408151862"},"emails":null}
{"input_id":"0346ae67-6600-43ce-a67e-ecde4580e856","cid":"4528907603280729735","title":"SODAM Korean casual diner","address":"7 Market Today Thanon Krung Thep Kritha Soi 7, Hua Mak, Bang Kapi District, Bangkok 10240","web_site":"https://www.wongnai.com/restaurants/245864Ck-sodam-korean-casual-diner","phone":"086 392 2007","owner":{"id":"112633898792999438283","name":"SODAM Korean casual diner (Owner)","link":"https://www.google.com/maps/contrib/112633898792999438283"},"emails":null}
{"input_id":"0346ae67-6600-43ce-a67e-ecde4580e856","cid":"12104468367623284074","title":"Annyeong Bangkok","address":"30 ชั้น 2 Soi Silom 20, Suriya Wong, Bang Rak, Bangkok 10500","web_site":"http://www.facebook.com/annyeongbkk","phone":"02 279 0255","owner":{"id":"103295832404482361214","name":"Annyeong Bangkok (Owner)","link":"https://www.google.com/maps/contrib/103295832404482361214"},"emails":null}
{"input_id":"0346ae67-6600-43ce-a67e-ecde4580e856","cid":"572586938676433111","title":"Kimdaegam Hansik","address":"อาคาร ไทม์สแควร์ ชั้น 3 Sukhumvit Rd, Khlong Toei, Bangkok 10110","web_site":"","phone":"02 251 0230","owner":{"id":"115123105127162131785","name":"Kimdaegam Hansik (Owner)","link":"https://www.google.com/maps/contrib/115123105127162131785"},"emails":null}
{"input_id":"0346ae67-6600-43ce-a67e-ecde4580e856","cid":"18301309057531262509","title":"Norang Narang Korean restaurant","address":"160 Soi Pipat2, Silom, Bang Rak, Bangkok 10500","web_site":"https://www.facebook.com/norangnarangkr","phone":"097 001 5782","owner":{"id":"116356539459403037793","name":"Norang Narang Korean restaurant (Owner)","link":"https://www.google.com/maps/contrib/116356539459403037793"},"emails":null}
{"input_id":"0346ae67-6600-43ce-a67e-ecde4580e856","cid":"16163644062447865700","title":"Mekha By SHAN Villas","address":"Mekha By SHAN Villas 16 On Nut 18 Alley, Suan Luang, Bangkok 10250","web_site":"https://shanvillasbangkok.com/dining/","phone":"061 978 2644","owner":{"id":"114271720835002318914","name":"Mekha By SHAN Villas (Owner)","link":"https://www.google.com/maps/contrib/114271720835002318914"},"emails":null}
{"input_id":"0346ae67-6600-43ce-a67e-ecde4580e856","cid":"10811618758544043293","title":"SOMAEK Korean Bar 소맥","address":"55 Thanon Phaya Thai, Ratchathewi, Bangkok 10400","web_site":"https://www.facebook.com/SoMaek-%EC%86%8C%EB%A7%A5-105118601303252/","phone":"","owner":{"id":"118213011814596471343","name":"SOMAEK Korean Bar 소맥 (Owner)","link":"https://www.google.com/maps/contrib/118213011814596471343"},"emails":null}
{"input_id":"0346ae67-6600-43ce-a67e-ecde4580e856","cid":"16222782505134107475","title":"The Tongkeun-Gui Korean BBQ","address":"218/8 Siam Square Soi 1, Pathum Wan, Bangkok 10330","web_site":"https://www.facebook.com/Tongkeungui/","phone":"02 252 8392","owner":{"id":"113668315572463648874","name":"The Tongkeun-Gui Korean BBQ (Owner)","link":"https://www.google.com/maps/contrib/113668315572463648874"},"emails":null}
{"input_id":"0346ae67-6600-43ce-a67e-ecde4580e856","cid":"13318110921936340096","title":"Kosirae","address":"97 Kosirae, 99 Thong Lo, Khlong Tan Nuea, Watthana, Bangkok 10110","web_site":"https://www.facebook.com/kosiraeofficial/","phone":"02 714 8683","owner":{"id":"100914552039921018741","name":"Kosirae (Owner)","link":"https://www.google.com/maps/contrib/100914552039921018741"},"emails":null}
{"input_id":"0346ae67-6600-43ce-a67e-ecde4580e856","cid":"15464943152074945644","title":"Dong Dae Moon Restaurant","address":"25 Chana Songkhram Alley, Chana Songkhram, Phra Nakhon, Bangkok 10200","web_site":"https://www.wongnai.com/restaurants/164487bZ-dong-dae-moon","phone":"084 768 8372","owner":{"id":"105712364429999138023","name":"Dong Dae Moon Restaurant (Owner)","link":"https://www.google.com/maps/contrib/105712364429999138023"},"emails":null}
{"input_id":"0346ae67-6600-43ce-a67e-ecde4580e856","cid":"15221860503277976487","title":"Hwa Shin","address":"Nakhon, 212 Suk Chai Alley, Khlong Toei, Bangkok 10110","web_site":"https://hwashin2018.wixsite.com/hwashin","phone":"02 653 1320","owner":{"id":"","name":"Hwa Shin (Owner)","link":""},"emails":null}
{"input_id":"0346ae67-6600-43ce-a67e-ecde4580e856","cid":"5586479618836018092","title":"JOEUN BBQ","address":"212/40-41, 2 Floor, Sukhumvit Plaza, Suk Chai Alley, Klong Ton, Khlong Toei, Bangkok 10110","web_site":"","phone":"063 192 0061","owner":{"id":"108446093734549603838","name":"JOEUN BBQ (Owner)","link":"https://www.google.com/maps/contrib/108446093734549603838"},"emails":null}
{"input_id":"0346ae67-6600-43ce-a67e-ecde4580e856","cid":"9685207781970142312","title":"Jaguemsong, Korea Town (Sukhumvit Plaza)","address":"3rd floor, Korean Town Suk Chai Alley, Bangkok 10110","web_site":"","phone":"064 682 0617","owner":{"id":"104654148632395464309","name":"Jaguemsong, Korea Town (Sukhumvit Plaza) (Owner)","link":"https://www.google.com/maps/contrib/104654148632395464309"},"emails":null}
{"input_id":"0346ae67-6600-43ce-a67e-ecde4580e856","cid":"1333296602606524038","title":"glu up Thai co.,Ltd (Sookdal Korean BBQ)","address":"92/1, 92/2, 92/3 Rama I Rd, Wang Mai, Pathum Wan, Bangkok 10330","web_site":"","phone":"096 909 4916","owner":{"id":"100666972013572152990","name":"glu up Thai co.,Ltd (Sookdal Korean BBQ) (Owner)","link":"https://www.google.com/maps/contrib/100666972013572152990"},"emails":null}
{"input_id":"0346ae67-6600-43ce-a67e-ecde4580e856","cid":"3411302785777520341","title":"Oppa Korea Food Bar","address":"เลขที่ 609/1 ซอยลาดพร้าว 107 แยก 27 ซอย ดีสมโชค Khlong Chan, Bang Kapi District, Bangkok 10250","web_site":"https://www.facebook.com/oppakoreafoodbar","phone":"061 438 1192","owner":{"id":"118380450874886188536","name":"Oppa Korea Food Bar (Owner)","link":"https://www.google.com/maps/contrib/118380450874886188536"},"emails":null}
{"input_id":"0346ae67-6600-43ce-a67e-ecde4580e856","cid":"12893087400677032667","title":"Kogi Jip","address":"1669 Sukhumvit Rd, Phra Khanong Nuea, Watthana, Bangkok 10110","web_site":"","phone":"02 045 0540","owner":{"id":"107539053237961847106","name":"Kogi Jip (Owner)","link":"https://www.google.com/maps/contrib/107539053237961847106"},"emails":null}
{"input_id":"0346ae67-6600-43ce-a67e-ecde4580e856","cid":"9289503343656904723","title":"Maple Tree House Thailand","address":"991 Rama I Rd, Pathum Wan, Bangkok 10330","web_site":"https://www.facebook.com/mapletreehouse.bkk","phone":"065 120 1293","owner":{"id":"101334680542995790184","name":"Maple Tree House Thailand (Owner)","link":"https://www.google.com/maps/contrib/101334680542995790184"},"emails":null}
{"input_id":"0346ae67-6600-43ce-a67e-ecde4580e856","cid":"4246161597860516758","title":"Jobang Nak Ji","address":"PHQ5+75J Jobang Nak Ji, Suk Chai Alley, Khlong Toei, Bangkok 10110","web_site":"","phone":"02 653 3936","owner":{"id":"","name":"Jobang Nak Ji (Owner)","link":""},"emails":null}
{"input_id":"0346ae67-6600-43ce-a67e-ecde4580e856","cid":"6016294384554213214","title":"Dongdaemun","address":"36 Asok Montri Rd, Khlong Toei Nuea, Watthana, Bangkok 10110","web_site":"","phone":"02 664 4088","owner":{"id":"103588033520912598805","name":"Dongdaemun (Owner)","link":"https://www.google.com/maps/contrib/103588033520912598805"},"emails":null}
{"input_id":"0346ae67-6600-43ce-a67e-ecde4580e856","cid":"4091070548109871691","title":"NAMSAN Korean Food","address":"335 Srinagarindra Rd, Khwaeng Hua Mak, Khet Bang Kapi, Bangkok 10240","web_site":"","phone":"","owner":{"id":"104262944631915175114","name":"NAMSAN Korean Food (Owner)","link":"https://www.google.com/maps/contrib/104262944631915175114"},"emails":null}
{"input_id":"0346ae67-6600-43ce-a67e-ecde4580e856","cid":"15600371319552249823","title":"Korea Holic","address":"255 Sukhumvit 21 Rd, Khlong Toei Nuea, Watthana, Bangkok 10110","web_site":"https://www.instagram.com/koreaholic255/","phone":"084 237 5367","owner":{"id":"116592862855082011965","name":"Korea Holic (Owner)","link":"https://www.google.com/maps/contrib/116592862855082011965"},"emails":null}
{"input_id":"0346ae67-6600-43ce-a67e-ecde4580e856","cid":"15592353497556164807","title":"HAN COOK KOREAN B.B.Q. ฮันกุก ชิคดัง สัมมากร","address":"235 Sammakon 1 Soi G 13, Saphan Sung, Bangkok 10240","web_site":"","phone":"099 429 6445","owner":{"id":"104793054685583868052","name":"HAN COOK KOREAN B.B.Q. ฮันกุก ชิคดัง สัมมากร (Owner)","link":"https://www.google.com/maps/contrib/104793054685583868052"},"emails":null}
{"input_id":"0346ae67-6600-43ce-a67e-ecde4580e856","cid":"3232246676478568697","title":"LEE GA (이가) KOREAN FOOD","address":"212 sukhumvit plaza, Khwaeng Khlong Toei, Klongtoey Bangkok 10110","web_site":"","phone":"081 820 0603","owner":{"id":"105755247085472926695","name":"LEE GA (이가) KOREAN FOOD (Owner)","link":"https://www.google.com/maps/contrib/105755247085472926695"},"emails":null}
{"input_id":"0346ae67-6600-43ce-a67e-ecde4580e856","cid":"17629333618105463721","title":"Kim Dae Gam Hansik (Surawong)","address":"167/5 Surawong Rd, Suriya Wong, Bang Rak, Bangkok 10500","web_site":"","phone":"02 233 7692","owner":{"id":"","name":"Kim Dae Gam Hansik (Surawong) (Owner)","link":""},"emails":null}
{"input_id":"0346ae67-6600-43ce-a67e-ecde4580e856","cid":"2348216909460800693","title":"Mapo Galbi","address":"71 Sukhumvit Rd, Khlong Tan, Khlong Toei, Bangkok 10110","web_site":"https://m.facebook.com/Mapogalbi2","phone":"02 381 1931","owner":{"id":"115401307725959827952","name":"Mapo Galbi (Owner)","link":"https://www.google.com/maps/contrib/115401307725959827952"},"emails":null}
{"input_id":"0346ae67-6600-43ce-a67e-ecde4580e856","cid":"15632046925702133732","title":"Soojong","address":"76 Naradhiwas Rajanagarindra Rd, Khwaeng Silom, Bang Rak, Bangkok 10500","web_site":"https://www.facebook.com/Soojong-BBQ-485346048631044","phone":"089 392 9166","owner":{"id":"101145272433681086532","name":"Soojong (Owner)","link":"https://www.google.com/maps/contrib/101145272433681086532"},"emails":null}
{"input_id":"0346ae67-6600-43ce-a67e-ecde4580e856","cid":"10343657994810311637","title":"ChaNiNe Korean Restaurant","address":"6 ChaNiNe Korean Restaurant, 1 Soi Sukhumvit 48, Phra Khanong, Khlong Toei, Bangkok 10110","web_site":"https://www.chanine.net/","phone":"095 816 3859","owner":{"id":"117212787134196135354","name":"ChaNiNe Korean Restaurant (Owner)","link":"https://www.google.com/maps/contrib/117212787134196135354"},"emails":null}
{"input_id":"0346ae67-6600-43ce-a67e-ecde4580e856","cid":"15957313385815012199","title":"Drum BBQ","address":"353 Ratchadaphisek 14 Alley, Lane 2-1, Huai Khwang, Bangkok 10310","web_site":"https://www.facebook.com/drumbbq/","phone":"02 275 4551","owner":{"id":"112159160132550943304","name":"Drum BBQ (Owner)","link":"https://www.google.com/maps/contrib/112159160132550943304"},"emails":null}
{"input_id":"0346ae67-6600-43ce-a67e-ecde4580e856","cid":"16508802167961487908","title":"Oppa Daek","address":"2nd floor, Oppa Daek, 444 @MBK, Wang Mai, Pathum Wan, Bangkok 10330","web_site":"","phone":"097 150 4565","owner":{"id":"","name":"Oppa Daek (Owner)","link":""},"emails":null}
{"input_id":"0346ae67-6600-43ce-a67e-ecde4580e856","cid":"10381753563564398152","title":"Salroman (ChiMac)","address":"212/34 อาคาร สุขุมวิท พลาซ่า Sukhumvit Rd, Khlong Toei, Bangkok 10110","web_site":"https://www.wongnai.com/restaurants/118746ka-salroman-chimac-%E0%B8%AA%E0%B8%B8%E0%B8%82%E0%B8%B8%E0%B8%A1%E0%B8%A7%E0%B8%B4%E0%B8%97","phone":"02 251 2276","owner":{"id":"101540015437483236967","name":"Salroman (ChiMac) (Owner)","link":"https://www.google.com/maps/contrib/101540015437483236967"},"emails":null}
{"input_id":"0346ae67-6600-43ce-a67e-ecde4580e856","cid":"2132452366891882166","title":"Hobak","address":"PHQ5+85P Hobak, Suk Chai Alley, Khlong Toei, Bangkok 10110","web_site":"https://www.wongnai.com/restaurants/335459zy-hobak-korean-family-restaurant","phone":"063 259 4000","owner":{"id":"","name":"Hobak (Owner)","link":""},"emails":null}
{"input_id":"0346ae67-6600-43ce-a67e-ecde4580e856","cid":"3485998072245961067","title":"NaDo Charcoal BBQ","address":"212/8 Suk Chai Alley, Khwaeng Khlong Toei, Khlong Toei, Bangkok 10110","web_site":"","phone":"096 998 7327","owner":{"id":"112358269583833829070","name":"NaDo Charcoal BBQ (Owner)","link":"https://www.google.com/maps/contrib/112358269583833829070"},"emails":null}
{"input_id":"0346ae67-6600-43ce-a67e-ecde4580e856","cid":"3895482809725472816","title":"Dong E","address":"212/20, 1st Floor, Sukhumvit Plaza Soi 12 (Korean Town, Sukhumvit Rd, Khlong Toei, Bangkok 10110","web_site":"https://www.wongnai.com/restaurants/163115Hr-dong-e-%E0%B8%94%E0%B8%87-%E0%B8%AD%E0%B8%B5-%EB%8F%99%EC%9D%B4-sukhumvit-12","phone":"02 252 5301","owner":{"id":"108749977941650037806","name":"Dong E (Owner)","link":"https://www.google.com/maps/contrib/108749977941650037806"},"emails":null}
{"input_id":"0346ae67-6600-43ce-a67e-ecde4580e856","cid":"6083093259374968584","title":"Damee","address":"Damee 8 Ekkamai Rd, Phra Khanong Nuea, Watthana, Bangkok 10110","web_site":"http://www.facebook.com/DameeKoreanCuisine/","phone":"02 010 5286","owner":{"id":"103154237389241996871","name":"Damee (Owner)","link":"https://www.google.com/maps/contrib/103154237389241996871"},"emails":null}
{"input_id":"0346ae67-6600-43ce-a67e-ecde4580e856","cid":"9592779596477885152","title":"PALSAIK Siam Center","address":"2nd Floor, PALSAIK Siam Center, Siam Center, 979 Rama I Rd, Pathum Wan, Bangkok 10330","web_site":"https://www.facebook.com/palsaikthailand","phone":"02 001 5568","owner":{"id":"107162993498003924328","name":"PALSAIK Siam Center (Owner)","link":"https://www.google.com/maps/contrib/107162993498003924328"},"emails":null}
{"input_id":"0346ae67-6600-43ce-a67e-ecde4580e856","cid":"14439011991310262626","title":"อะไรซุนเด","address":"อะไรซุนเด 246 อาคารไทม์สแควร์ Sukhumvit Rd, Khlong Toei, Bangkok 10110","web_site":"https://www.wongnai.com/restaurants/269149ZM-%E0%B8%AD%E0%B8%B0%E0%B9%84%E0%B8%A3-%E0%B8%8B%E0%B8%B8%E0%B8%99%E0%B9%80%E0%B8%94-%E0%B8%A3%E0%B9%89%E0%B8%B2%E0%B8%99%E0%B8%AD%E0%B8%B2%E0%B8%AB%E0%B8%B2%E0%B8%A3%E0%B9%80%E0%B8%81%E0%B8%B2%E0%B8%AB%E0%B8%A5%E0%B8%B5","phone":"081 566 7860","owner":{"id":"","name":"อะไรซุนเด (Owner)","link":""},"emails":null}
